	Title	created_at	URL	text	About_text	Year	Month	Day	Time	Date
0	Ρήτρα αναπροσαρμογής: Παρατείνεται η απαγόρευση διακοπής ρεύματος στους ευάλωτους	06 Ιουλίου 2022 17:09	https://www.news247.gr/koinonia/ritra-anaprosarmogis-parateinetai-i-apagoreysi-diakopis-reymatos-stoys-eyalotoys.9688731.html	Με απόφαση του Πολυμελούς Πρωτοδικείου Αθηνών, παρατείνεται η προσωρινή διαταγή απαγόρευσης διακοπής του ηλεκτρικού ρεύματος σε ευάλωτα νοικοκυριά.	ΡΗΤΡΑ ΑΝΑΠΡΟΣΑΡΜΟΓΗΣ	2022	Ιουλίου	06	17:09	2022-07-06 17:09:00
1	Ρήτρα αναπροσαρμογής: Στη Βουλή η αναστολή της και το πλαφόν στη χονδρική	29 Ιουνίου 2022 09:51	https://www.news247.gr/politiki/ritra-anaprosarmogis-sti-voyli-i-anastoli-tis-kai-to-plafon-sti-chondriki.9680740.html	Στην Ολομέλεια της Βουλής σήμερα η αναστολή της ρήτρας αναπροσαρμογής με τη μορφή τροπολογίας και η παρέμβαση στη χονδρική.	ΗΛΕΚΤΡΙΚΗ ΕΝΕΡΓΕΙΑ	2022	Ιουνίου	29	09:51	2022-06-29 09:51:00
2	Τσίπρας: Εμπαιγμός η δήθεν κατάργηση της ρήτρας αναπροσαρμογής	29 Ιουνίου 2022 06:31	https://www.news247.gr/politiki/tsipras-empaigmos-i-dithen-katargisi-tis-ritras-anaprosarmogis.9680583.html	Την κυβερνητική προσπάθεια να απαλείψει τη ρήτρα από τους λογαριασμούς όχι όμως και από τις... χρεώσεις στο ηλεκτρικό ρεύμα αναμένεται να καταγγείλει σήμερα ο πρόεδρος του ΣΥΡΙΖΑ.	ΡΗΤΡΑ ΑΝΑΠΡΟΣΑΡΜΟΓΗΣ	2022	Ιουνίου	29	06:31	2022-06-29 06:31:00
3	"Ρήτρα αναπροσαρμογής: ""Δεν καταργείται, απλά αλλάζει όνομα"" λέει το ΙΝΚΑ"	28 Ιουνίου 2022 14:10	https://www.news247.gr/energia/ritra-anaprosarmogis-den-katargeitai-apla-allazei-onoma-leei-to-inka.9679870.html	"Για παραβίαση της ευρωπαϊκής νομοθεσίας κάνει λόγο το Ινστιτούτο καταναλωτή σχετικά με την τροπολογία της κυβέρνησης για την αναστολή της ρήτρας αναπροσαρμογής. ""Βαφτίσανε το κρέας ψάρι""."	ΡΗΤΡΑ ΑΝΑΠΡΟΣΑΡΜΟΓΗΣ	2022	Ιουνίου	28	14:10	2022-06-28 14:10:00
4	"Ρήτρα αναπροσαρμογής: ""Όχι"" στην πιλοτική δίκη λέει ο Άρειος Πάγος"	28 Ιουνίου 2022 13:53	https://www.news247.gr/koinonia/ritra-anaprosarmogis-ochi-stin-pilotiki-diki-leei-o-areios-pagos.9680008.html	Υπέρ των καταναλωτικών οργανώσεων και της Ολομέλειας των Δικηγορικών Συλλόγων Ελλάδος τάχθηκε ο Άρειος Πάγος, ο οποίος απέρριψε σχετικό αίτημα της ΔΕΗ για πιλοτική δίκη αναφορικά με το ζήτημα της ρήτρας αναπροσαρμογής.	ΡΗΤΡΑ ΑΝΑΠΡΟΣΑΡΜΟΓΗΣ	2022	Ιουνίου	28	13:53	2022-06-28 13:53:00
5	"Χαρίτσης: ""Διορισμένοι από τη ΝΔ διαφωνούν ανοιχτά με την κυβερνητική πολιτική"""	28 Ιουνίου 2022 10:31	https://www.news247.gr/politiki/charitsis-diorismenoi-apo-ti-nd-diafonoyn-anoichta-me-tin-kyvernitiki-politiki.9679766.html	Τις χθεσινές δηλώσεις του προέδρου της ΡΑΕ που πήρε τη σκυτάλη από Συνήγορο Καταναλωτή και Επιτροπή Ανταγωνισμού  σχολίασε ο τομεάρχης Ανάπτυξης και Επενδύσεων του ΣΥΡΙΖΑ. 	ΧΑΡΙΤΣΗΣ	2022	Ιουνίου	28	10:31	2022-06-28 10:31:00
6	Δύο Έλληνες έφτιαξαν εφαρμογή που προβλέπει την κατανάλωση ρεύματος και η ιδέα τους έφτασε στο MIT 	27 Ιουνίου 2022 15:04	https://www.news247.gr/technologia/dyo-ellines-eftiaxan-efarmogi-poy-provlepei-tin-katanalosi-reymatos-kai-i-idea-toys-eftase-sto-mit.9679007.html	"Ο Μιχάλης Μανής και ο Απόλλωνας Κωνσταντόπουλος δημιούργησαν τη Start Up ""Ensight""  η οποία έφτασε μέχρι τον τελικό του διαγωνισμού ""ΜΙΤ Enterprise Forum Greece""."	ΗΛΕΚΤΡΙΚΗ ΕΝΕΡΓΕΙΑ	2022	Ιουνίου	27	15:04	2022-06-27 15:04:00
7	Λογαριασμοί ρεύματος: Αλλαγές στα τιμολόγια κάθε μήνα μετά την αναστολή της ρήτρας αναπροσαρμογής	27 Ιουνίου 2022 06:19	https://www.news247.gr/energia/allages-timologia-reymatos-kathe-mina-meta-katargisi-ritras-anaprosarmogis.9678458.html	Με την τροπολογία Σκρέκα που κατατέθηκε στη Βουλή αναστέλλεται η εφαρμογή της ρήτρας, αλλά οι καταναλωτές θα λαμβάνουν λογαριασμό με επικαιροποιημένες χρεώσεις κάθε μήνα. Θα μπορούν όμως να αλλάξουν πάροχο ελεύθερα.	ΗΛΕΚΤΡΙΚΗ ΕΝΕΡΓΕΙΑ	2022	Ιουνίου	27	06:19	2022-06-27 06:19:00
8	"ΣΥΡΙΖΑ: ""Ομολογούν τη ληστεία με τη ρήτρα αναπροσαρμογής και ετοιμάζουν νέα απάτη σε βάρος των πολιτών"""	25 Ιουνίου 2022 15:56	https://www.news247.gr/politiki/syriza-omologoyn-ti-listeia-me-ti-ritra-anaprosarmogis-kai-etoimazoyn-nea-apati-se-varos-ton-politon.9677504.html	"Για ""επικοινωνιακό κόλπο"" της κυβέρνησης ενόψει εκλογών κάνει λόγο ο ΣΥΡΙΖΑ-ΠΣ σχετικά με την τροπολογία για τη ρήτρα αναπροσαρμογής, την οποία ""οι πολίτες δεν θα βλέπουν""."	ΣΥ.ΡΙΖ.Α.	2022	Ιουνίου	25	15:56	2022-06-25 15:56:00
9	ΥΠΕΝ: Τι στοχεύει με τις δύο ρυθμίσεις για το ρεύμα - Τι αναμένεται από τον Ιούλιο	25 Ιουνίου 2022 10:12	https://www.news247.gr/oikonomia/ypen-ti-stocheyei-me-tis-dyo-rythmiseis-gia-to-reyma-ti-anamenetai-apo-ton-ioylio.9677297.html	Έως τις 10 Ιουλίου οι εταιρείες προμήθειας ηλεκτρικής ενέργειας θα πρέπει να αναρτήσουν στην ιστοσελίδα τους τις τιμές που θα ισχύσουν από την 1η Αυγούστου. Οι λογαριασμοί που θα εκδοθούν τον Αύγουστο δεν θα περιλαμβάνουν ρήτρα αναπροσαρμογής.	ΗΛΕΚΤΡΙΚΗ ΕΝΕΡΓΕΙΑ	2022	Ιουνίου	25	10:12	2022-06-25 10:12:00
10	Ρήτρα αναπροσαρμογής: Τέλος από 1η Αυγούστου - Όλη η τροπολογία	24 Ιουνίου 2022 22:26	https://www.news247.gr/oikonomia/ritra-anaprosarmogis-telos-apo-1i-aygoystoy-oli-i-tropologia.9677162.html	Τροπολογία του υπουργείου Περιβάλλοντος και Ενέργειας που κατατέθηκε στη Βουλή, ορίζει την αναστολή της ρήτρας αναπροσαρμογής από την 1η Αυγούστου 2022 μέχρι τις 31 Ιουλίου του 2023.	ΗΛΕΚΤΡΙΚΗ ΕΝΕΡΓΕΙΑ	2022	Ιουνίου	24	22:26	2022-06-24 22:26:00
11	Έλεγχοι από τη ΡΑΕ στις ηλεκτρικές εταιρείες για την εφαρμογή της ρήτρας και την κατανομή των επιδοτήσεων	23 Ιουνίου 2022 06:14	https://www.news247.gr/energia/elegchoi-apo-ti-rae-stis-ilektrikes-etaireies-gia-tin-efarmogi-tis-ritras-kai-tin-katanomi-ton-epidotiseon.9674905.html	Μετά από πολλά παράπονα, η Ρυθμιστική Αρχή έχει καλέσει τους προμηθευτές να καταθέσουν όλους τους λογαριασμούς, όλων των καταναλωτών, ώστε να γίνει ηλεκτρονικός έλεγχος.	ΗΛΕΚΤΡΙΚΗ ΕΝΕΡΓΕΙΑ	2022	Ιουνίου	23	06:14	2022-06-23 06:14:00
12	Στη Βουλή η ρύθμιση για τις τιμές του ρεύματος	17 Ιουνίου 2022 23:29	https://www.news247.gr/koinonia/sti-voyli-i-rythmisi-gia-tis-times-toy-reymatos-stochos-i-anastoli-tis-ritras-anaprosarmogis.9669885.html	Κατατέθηκε η ρύθμιση για την επιβολή πλαφόν στις τιμές χονδρικής της ηλεκτρικής ενέργειας. Στόχος η αναστολή της ρήτρας αναπροσαρμογής των τιμολογίων ρεύματος και η επιστροφή των τιμών στο επίπεδο του φθινοπώρου.	ΗΛΕΚΤΡΙΚΗ ΕΝΕΡΓΕΙΑ	2022	Ιουνίου	17	23:29	2022-06-17 23:29:00
13	Σκέρτσος: Νέο πρόγραμμα από τον Ιούλιο που θα καλύπτει το 85% της ρήτρας αναπροσαρμογής	17 Ιουνίου 2022 23:00	https://www.news247.gr/oikonomia/skertsos-neo-programma-apo-ton-ioylio-poy-tha-kalyptei-to-85-tis-ritras-anaprosarmogis.9669843.html	Ο υπουργός Επικρατείας δήλωσε πως τον Ιούλιο θα έρθει ένα νέο σχήμα που θα καλύπτει το 85% των αυξήσεων της ενεργειακής κρίσης για κάθε νοικοκυριό.	ΗΛΕΚΤΡΙΚΗ ΕΝΕΡΓΕΙΑ	2022	Ιουνίου	17	23:00	2022-06-17 23:00:00
14	Στον Άρειο Πάγο η ρήτρα αναπροσαρμογής	14 Ιουνίου 2022 06:32	https://www.news247.gr/koinonia/ston-areio-pago-i-ritra-anaprosarmogis.9664760.html	Το ανώτατο δικαστήριο θα αποφανθεί για το αν θα συζητηθεί η ρήτρα αναπροσαρμογής στο πλαίσιο πιλοτικής δίκης.	ΡΗΤΡΑ ΑΝΑΠΡΟΣΑΡΜΟΓΗΣ	2022	Ιουνίου	14	06:32	2022-06-14 06:32:00
15	ΙΝΚΑ: Ανοιξε ο δρόμος για την οριστική κατάργηση της καταχρηστικής ρήτρας αναπροσαρμογής 	03 Ιουνίου 2022 09:32	https://www.news247.gr/koinonia/inka-anoixe-o-dromos-gia-tin-oristiki-katargisi-tis-katachristikis-ritras-anaprosarmogis.9653327.html	Γιατί ο ΙΝΚΑ θεωρεί ιστορική την απόφαση για την έκδοση της προσωρινής διαταγής από το Πρωτοδικείο Αθηνών σύμφωνα με την οποία η ΔΕΗ δεν μπορεί να κόβει πλέον το ρεύμα σε ευάλωτα νοικοκυριά σε περίπτωση μη καταβολής της ρήτρας αναπροσαρμογής. 	ΡΗΤΡΑ ΑΝΑΠΡΟΣΑΡΜΟΓΗΣ	2022	Ιουνίου	03	09:32	2022-06-03 09:32:00
16	Στο μικροσκόπιο της Κομισιόν ο μηχανισμός της κυβέρνησης για παρέμβαση στη χονδρική αγορά ρεύματος	03 Ιουνίου 2022 06:13	https://www.news247.gr/energia/sto-mikroskopio-tis-komision-o-michanismos-tis-kyvernisis-gia-paremvasi-sti-chondriki-agora-reymatos.9653133.html	Το σχέδιο νομοθετικής παρέμβασης εστάλη χθες στις Βρυξέλλες προκειμένου να λάβει την έγκριση της Ευρωπαϊκής Επιτροπής. Εάν όλα πάνε καλά το Υπουργείο Περιβάλλοντος ελπίζει να μπορέσει να εφαρμοστεί την 1η Ιουλίου.	ΚΟΜΙΣΙΟΝ	2022	Ιουνίου	03	06:13	2022-06-03 06:13:00
17	Ρήτρα αναπροσαρμογής: Το Πρωτοδικείο απαγορεύει προσωρινά τη διακοπή ρεύματος στους ευάλωτους	02 Ιουνίου 2022 13:07	https://www.news247.gr/koinonia/ritra-anaprosarmogis-to-protodikeio-apagoreyei-prosorina-ti-diakopi-reymatos-stoys-eyalotoys.9652058.html	Δεκτή εν μέρει η χορήγηση προσωρινής διαταγής. Η απόφαση ισχύει μέχρι τη συζήτηση της αγωγής, στις 6 Ιουλίου, υπό τον όρο να μη ζητηθεί άλλη αναβολή.	ΡΗΤΡΑ ΑΝΑΠΡΟΣΑΡΜΟΓΗΣ	2022	Ιουνίου	02	13:07	2022-06-02 13:07:00
18	Ρήτρα Αναπροσαρμογής: Σήμερα η απόφαση του Πρωτοδικείου - Τι ισχυρίστηκε η ΔΕΗ	02 Ιουνίου 2022 06:11	https://www.news247.gr/energia/ritra-anaprosarmogis-simera-i-apofasi-toy-protodikeioy-ti-ischyristike-i-dei.9651668.html	Σήμερα η απόφαση επί της προσωρινής διαταγής προκειμένου να σταματήσουν οι διακοπές ρεύματος για τους οφειλέτες.	ΡΗΤΡΑ ΑΝΑΠΡΟΣΑΡΜΟΓΗΣ	2022	Ιουνίου	02	06:11	2022-06-02 06:11:00
19	Ποιες θα είναι οι επιδοτήσεις στους λογαριασμούς ρεύματος για τον Ιούνιο	02 Ιουνίου 2022 06:10	https://www.news247.gr/energia/poies-tha-einai-oi-epidotiseis-stoys-logariasmoys-reymatos-gia-ton-ioynio.9651761.html	Διατηρείται η φιλοσοφία των μέτρων επιδότησης στους λογαριασμούς ρεύματος για το μήνα Ιούνιο, αλλά το ύψος της ενίσχυσης θα μειωθεί καθώς η χονδρική είχε μια μικρή αποκλιμάκωση σε σχέση με τον προηγούμενο μήνα.	ΗΛΕΚΤΡΙΚΗ ΕΝΕΡΓΕΙΑ	2022	Ιουνίου	02	06:10	2022-06-02 06:10:00
20	Ρήτρα αναπροσαρμογής: Την Πέμπτη η απόφαση για την προσωρινή διαταγή - Η ΔΕΗ ισχυρίζεται ότι θα καταστραφεί οικονομικά	01 Ιουνίου 2022 16:58	https://www.news247.gr/koinonia/ritra-anaprosarmogis-tin-pempti-i-apofasi-gia-tin-prosorini-diatagi-i-dei-ischyrizetai-oti-tha-katastrafei-oikonomika.9651314.html	Την Πέμπτη η πολύ κρίσιμη απόφαση για την προσωρινή διαταγή που ζητούν οι ενώσεις καταναλωτών για τη ρήτρα αναπροσαρμογής.	ΡΗΤΡΑ ΑΝΑΠΡΟΣΑΡΜΟΓΗΣ	2022	Ιουνίου	01	16:58	2022-06-01 16:58:00
21	Στη Δικαιοσύνη η ρήτρα αναπροσαρμογής	01 Ιουνίου 2022 13:08	https://www.news247.gr/koinonia/sti-dikaiosyni-i-ritra-anaprosarmogis.9651128.html	Στο Πρωτοδικείο η πρώτη συλλογική αγωγή κατά της ρήτρα αναπροσαρμογής. Αναβολή ζήτησαν οι δικηγόροι της ΔΕΗ. Το αίτημα του ΙΝΚΑ και της ΕΚΠΟΙΖΩ.	ΡΗΤΡΑ ΑΝΑΠΡΟΣΑΡΜΟΓΗΣ	2022	Ιουνίου	01	13:08	2022-06-01 13:08:00
22	"Τσίπρας: ""Μαγείρεμα"" με τα υπερκέρδη των καρτέλ, ""ολιστική"" αποτυχία για την κλιματική αλλαγή"	26 Μαΐου 2022 14:46	https://www.news247.gr/politiki/tsipras-mageirema-me-ta-yperkerdi-ton-kartel-olistiki-apotychia-gia-tin-klimatiki-allagi.9644820.html	Τροπολογία για να μην κόβεται το ρεύμα σε όσους αδυνατούν να πληρώσου την ρήτρα αναπροσαρμογής κατέθεσε ο αρχηγός της αξιωματικής αντιπολίτευσης.	ΑΛΕΞΗΣ ΤΣΙΠΡΑΣ	2022	Μαΐου	26	14:46	2022-05-26 14:46:00
23	Λογαριασμοί ρεύματος: Ποιοι δικαιούνται αναδρομική ενίσχυση και πώς θα τη διεκδικήσουν	26 Μαΐου 2022 06:17	https://www.news247.gr/energia/logariasmoi-reymatos-poioi-dikaioyntai-anadromiki-enischysi-kai-pos-tha-tin-diekdikisoyn.9644276.html	Εν αναμονή της κοινής υπουργικής απόφασης για τη διαδικασία υποβολής της αίτησης και τον τρόπο υπολογισμού των επιδοτήσεων για το ρεύμα. Όσα πρέπει να ξέρουν οι καταναλωτές.	ΗΛΕΚΤΡΙΚΗ ΕΝΕΡΓΕΙΑ	2022	Μαΐου	26	06:17	2022-05-26 06:17:00
24	"Σταϊκούρας: ""Θα καλύψουμε το 70-80% της αύξησης του ρεύματος το 2ο εξάμηνο του 2022"""	21 Μαΐου 2022 12:03	https://www.news247.gr/politiki/staikoyras-tha-kalypsoyme-to-70-80-tis-ayxisis-toy-reymatos-to-2o-examino-toy-2022.9638765.html	Για το ενδεχόμενο νέας επιδότησης καυσίμων και την κατάργηση της ρήτρας αναπροσαρμογής μίλησε ο Χρήστος Σταϊκούρας. Τι είπε για την επιστρεπτέα προκαταβολή.	ΧΡΗΣΤΟΣ ΣΤΑΪΚΟΥΡΑΣ	2022	Μαΐου	21	12:03	2022-05-21 12:03:00
25	Ρήτρα αναπροσαρμογής - Πάτρα: Απαγόρευση διακοπής ρεύματος σε δύο άτομα που είχαν προσφύγει στη δικαιοσύνη	13 Μαΐου 2022 16:37	https://www.news247.gr/koinonia/ritra-anaprosarmogis-patra-apagoreysi-diakopis-reymatos-se-dyo-atoma-poy-eichan-prosfygei-sti-dikaiosyni.9629503.html	Η πρώτη δικαστική απόφαση για απαγόρευση διακοπής ηλεκτρικού ρεύματος, χωρίς να καταβάλλεται το ποσό που αντιστοιχεί στη ρήτρα αναπροσαρμογής εκδόθηκε σήμερα στην Πάτρα. 	ΡΗΤΡΑ ΑΝΑΠΡΟΣΑΡΜΟΓΗΣ	2022	Μαΐου	13	16:37	2022-05-13 16:37:00
26	Παπαθανάσης: Η ρήτρα αναπροσαρμογής καταργείται τον Ιούλιο	11 Μαΐου 2022 11:38	https://www.news247.gr/politiki/papathanasis-i-ritra-anaprosarmogis-katargeitai-ton-ioylio.9626582.html	"Την κατάργηση της ρήτρας αναπροσαρμογής, έκανε γνωστή ο Νίκος Παπαθανάσης. ""Εν μέρει θα πληρώνεται από τον κρατικό προϋπολογισμό και το υπόλοιπο θα καλύπτεται από τα μέτρα και τους πόρους που θα προκύψουν""."	ΡΗΤΡΑ ΑΝΑΠΡΟΣΑΡΜΟΓΗΣ	2022	Μαΐου	11	11:38	2022-05-11 11:38:00
27	"Χαρίτσης: ""Η κυβέρνηση δεν έχει κάνει τίποτα ουσιαστικό εδώ και 9 μήνες για να αντιμετωπίσει την κρίση"""	11 Μαΐου 2022 10:21	https://www.news247.gr/politiki/charitsis-i-kyvernisi-den-echei-kanei-tipota-oysiastiko-edo-kai-9-mines-gia-na-antimetopisei-tin-krisi.9626495.html	"Για ""αδράνεια της κυβέρνησης, ιδιαίτερα τους τελευταίους 9 μήνες"" για ουσιαστική αντιμετώπιση της κρίσης, έκανε λόγο ο Αλέξης Χαρίτσης."	ΑΛΕΞΗΣ ΧΑΡΙΤΣΗΣ	2022	Μαΐου	11	10:21	2022-05-11 10:21:00
28	Αναστολή της ρήτρας αναπροσαρμογής - Ζωντανά η παρέμβαση Τσίπρα στη Βουλή	10 Μαΐου 2022 06:05	https://www.news247.gr/politiki/anastoli-tis-ritras-anaprosarmogis-pataxi-tis-aischrokerdeias-tha-zitisei-o-alexis-tsipras.9625149.html	Σήμερα συζητείται στην Βουλή η τροπολογία του ΣΥΡΙΖΑ για αναστολή της ρήτρας έως ότου κριθεί από την δικαιοσύνη.	ΒΟΥΛΗ	2022	Μαΐου	10	06:05	2022-05-10 06:05:00
29	Τα τρία σίγμα του Μητσοτάκη και το μήνυμα για αυτοδύναμη ΝΔ	06 Μαΐου 2022 20:04	https://www.news247.gr/politiki/synedrio-nd-i-omilia-toy-kyriakoy-mitsotaki-live-eikona.9621669.html	Η μεσαία τάξη δε θα πληρώσει τη νύφη της ενεργειακής κρίσης, διαβεβαίωσε ο πρωθυπουργός από το 14ο συνέδριο της ΝΔ, θέτοντας το διακύβευμα της πολιτικής σταθερότητας για τις επόμενες εκλογές 	ΣΥΝΕΔΡΙΟ ΝΔ	2022	Μαΐου	06	20:04	2022-05-06 20:04:00
30	"""Η φθηνότερη ενέργεια είναι αυτή που δεν καταναλώνεται ποτέ"": Από πού πήρε την ατάκα ο Μητσοτάκης"	06 Μαΐου 2022 14:13	https://www.news247.gr/politiki/i-fthinoteri-energeia-einai-ayti-poy-den-katanalonetai-pote-apo-poy-pire-tin-ataka-o-mitsotakis.9621241.html	O πρωθυπουργός προσπάθησε να διασκεδάσει τις εντυπώσεις με ανακοίνωση αναστολής της ρήτρας αναπροσαρμογής από τον Ιούλιο. Η ατάκα του για την ενέργεια ξεσήκωσε θύελλα αντιδράσεων. Πότε - πρόσφατα - την ακούσαμε ξανά.	ΚΥΡΙΑΚΟΣ ΜΗΤΣΟΤΑΚΗΣ	2022	Μαΐου	06	14:13	2022-05-06 14:13:00
31	Μέτρα για το ρεύμα: 10 λεπτά ανά κιλοβατώρα η επιδότηση για τις καταναλώσεις πάνω από 300 κιλοβατώρες	06 Μαΐου 2022 06:12	https://www.news247.gr/energia/metra-gia-to-reyma-10-lepta-ana-kilovatora-i-epidotisi-gia-tis-katanaloseis-pano-apo-300-kilovatores.9620870.html	Πώς θα περιοριστεί η καταιγίδα για Μάϊο και Ιούνιο. Το νέο καθεστώς για το δεύτερο εξάμηνο του έτους. Πώς θα χρηματοδοτηθούν τα μέτρα.	ΗΛΕΚΤΡΙΚΗ ΕΝΕΡΓΕΙΑ	2022	Μαΐου	06	06:12	2022-05-06 06:12:00
32	Στις 19:00 οι ανακοινώσεις Μητσοτάκη για την τιμή του ηλεκτρικού ρεύματος	05 Μαΐου 2022 10:25	https://www.news247.gr/politiki/stis-19-00-oi-anakoinoseis-mitsotaki-gia-tin-timi-toy-ilektrikoy-reymatos.9619820.html	Ο πρωθυπουργός θα ανακοινώσει τα νέα μέτρα για το ρεύμα σήμερα το απόγευμα και αύριο οι αρμόδιοι υπουργοί θα τα εξειδικεύσουν. Τι περιλαμβάνει το πακέτο στήριξης.	ΚΥΡΙΑΚΟΣ ΜΗΤΣΟΤΑΚΗΣ	2022	Μαΐου	05	10:25	2022-05-05 10:25:00
33	Μέτρα για το ρεύμα: Γιατί η κυβέρνηση επέσπευσε τις ανακοινώσεις	05 Μαΐου 2022 06:10	https://www.news247.gr/politiki/metra-gia-to-reyma-giati-i-kyvernisi-epespeyse-tis-anakoinoseis.9619150.html	Ο πρωθυπουργός αναμένεται να ανακοινώσει σήμερα τα νέα μέτρα κατά της ακρίβειας στο ηλεκτρικό ρεύμα και να πάει στο συνέδριο της ΝΔ με θετική ατζέντα. Πώς οι σφοδρές αντιδράσεις των πολιτών οδήγησαν σε επίσπευση των αποφάσεων.	ΗΛΕΚΤΡΙΚΗ ΕΝΕΡΓΕΙΑ	2022	Μαΐου	05	06:10	2022-05-05 06:10:00
34	Ρήτρα αναπροσαρμογής: Η κυβέρνηση ψάχνει τον μουτζούρη για τις αυξήσεις - Τα ρίχνει στους παρόχους	04 Μαΐου 2022 12:34	https://www.news247.gr/politiki/ritra-anaprosarmogis-i-kyvernisi-psachnei-ton-moytzoyri-gia-tis-ayxiseis-ta-richnei-stoys-parochoys.9618601.html	Ο βουλευτής της ΝΔ Μπάμπης Παπαδημητρίου δήλωσε ότι οι ιδιώτες πάροχοι πίεσαν τη ΡΑΕ και στη συνέχεια τη ΔΕΗ προκειμένου να αρχίσει να εφαρμόζει και η δημόσια επιχείρηση τη ρήτρα αναπροσαρμογής για λόγους ανταγωνισμού.	ΔΕΗ	2022	Μαΐου	04	12:34	2022-05-04 12:34:00
35	Τροπολογία ΣΥΡΙΖΑ για την προστασία των καταναλωτών από τις διακοπές ρεύματος	04 Μαΐου 2022 10:35	https://www.news247.gr/politiki/tropologia-syriza-prostasia-katanaloton-diakopes-reymatos-ritra-anaprosarmogis-tsipras.9618459.html	Την τροπολογία για την προστασία των καταναλωτών και των επιχειρήσεων υπογράφει σύσσωμη η Κ.Ο. του ΣΥΡΙΖΑ-ΠΣ με επικεφαλής τον Αλέξη Τσίπρα. Αναλυτικά τι προβλέπει.	ΣΥ.ΡΙΖ.Α.	2022	Μαΐου	04	10:35	2022-05-04 10:35:00
36	ΕΚΠΟΙΖΩ: Κατατέθηκε η πρώτη συλλογική αγωγή κατά της ΔΕΗ	03 Μαΐου 2022 16:40	https://www.news247.gr/koinonia/ekpoizo-katatethike-i-proti-syllogiki-agogi-kata-tis-dei.9617663.html	Η Ένωση Καταναλωτών Ποιότητα Ζωής ξεκίνησε τις διαδικασίες με στόχο την ακύρωση της Ρήτρας Αναπροσαρμογής. Την 1η Ιουνίου θα συζητηθεί η υπόθεση.	ΔΕΗ	2022	Μαΐου	03	16:40	2022-05-03 16:40:00
37	"Ηλιόπουλος: ""Η κυβέρνηση συντονίζει το πλιάτσικο κατά των πολιτών στην ενέργεια - Ήρθε η ώρα να φύγει"""	02 Μαΐου 2022 11:25	https://www.news247.gr/politiki/iliopoylos-i-kyvernisi-syntonizei-to-pliatsiko-kata-ton-politon-stin-energeia-irthe-i-ora-na-fygei.9616419.html	Στο μείζον ζήτημα των υπέρογκων λογαριασμών στο ρεύμα και την απάθεια της κυβέρνησης για ελάφρυνση και ανακούφιση των πολιτών, μίλησε ο Νάσος Ηλιόπουλος.	ΝΑΣΟΣ ΗΛΙΟΠΟΥΛΟΣ	2022	Μαΐου	02	11:25	2022-05-02 11:25:00
38	Γεωργιάδης: Χτυπούν τον Στάσση επειδή έχτισε ένα σπίτι με τα δικά του λεφτά	02 Μαΐου 2022 11:07	https://www.news247.gr/politiki/georgiadis-i-ritra-anaprosarmogis-schediastike-gia-tin-prostasia-ton-katanaloton.9616400.html	"Έπαινοι του Άδωνι Γεωργιάδη για το ""έργο"" του Γιώργου Στάσση στη ΔΕΗ, ""το μεγάλο καλό που έκανε στον ελληνικό λαό"" και τις... άδικες κατηγορίες για την υπερπολυτελή βίλα στη Τζια."	ΑΔΩΝΙΣ ΓΕΩΡΓΙΑΔΗΣ	2022	Μαΐου	02	11:07	2022-05-02 11:07:00
39	"Οικονόμου: ""Έρχεται παρέμβαση που θα μειώσει δραστικά τους λογαριασμούς ρεύματος"""	02 Μαΐου 2022 10:15	https://www.news247.gr/politiki/oikonomoy-erchetai-paremvasi-poy-tha-meiosei-drastika-toys-logariasmoys-reymatos.9616346.html	Παρέμβαση της κυβέρνησης που θα μειώσει σημαντικά τους λογαριασμούς ρεύματος των καταναλωτών και μάλιστα, για μεγάλο χρονικό ορίζοντα, προανήγγειλε ο Γιάννης Οικονόμου.	ΓΙΑΝΝΗΣ ΟΙΚΟΝΟΜΟΥ	2022	Μαΐου	02	10:15	2022-05-02 10:15:00
40	"Οικονόμου: ""Δεν θα ξαναδούμε λογαριασμό που θα είναι 4 και 5 φορές πάνω"""	01 Μαΐου 2022 09:41	https://www.news247.gr/politiki/oikonomoy-den-tha-xanadoyme-logariasmo-poy-tha-einai-4-kai-5-fores-pano.9615257.html	"Ο κυβερνητικός εκπρόσωπος προανήγγειλε οριζόντια μέτρα, ξεκαθαρίζοντας παράλληλα πως ""όποια υπερκέρδη έχουν προκύψει θα επιστραφούν στον κόσμο""."	ΓΙΑΝΝΗΣ ΟΙΚΟΝΟΜΟΥ	2022	Μαΐου	01	09:41	2022-05-01 09:41:00
41	"ΣΥΡΙΖΑ για ΔΕΗ: ""Παραποιεί την αλήθεια και μετατρέπεται σε κουμπάρα Μητσοτάκη"""	30 Απριλίου 2022 14:20	https://www.news247.gr/politiki/syriza-gia-dei-parapoiei-tin-alitheia-kai-metatrepetai-se-koympara-mitsotaki.9614515.html	"Η αξιωματική αντιπολίτευση απορρίπτει τους ισχυρισμούς της ΔΕΗ, κατηγορεί τον πρωθυπουργό για ""χυδαία αλαζονεία"", τονίζοντας πως οι πολίτες σύντομα ""θα του στείλουν πίσω τον λογαριασμό""."	ΣΥ.ΡΙΖ.Α.	2022	Απριλίου	30	14:20	2022-04-30 14:20:00
42	"Τσίπρας: ""Για να τελειώσει η επιβάρυνση του καταναλωτή πρέπει να τελειώσει η κυβέρνηση Μητσοτάκη"""	29 Απριλίου 2022 13:55	https://www.news247.gr/politiki/tsipras-gia-na-teleiosei-i-epivarynsi-toy-katanaloti-prepei-na-teleiosei-i-kyvernisi-mitsotaki.9613585.html	"Αποκλειστική ευθύνη των υπέρογκων λογαριασμών ρεύματος επέρριψε στην κυβέρνηση ο Αλέξης Τσίπρας. ""Η ΡΑΕ εκτιμά ότι υπάρχουν ουρανοκατέβατα κέρδη αλλά 40 μέρες δεν έχει γίνει τίποτα""."	ΑΛΕΞΗΣ ΤΣΙΠΡΑΣ	2022	Απριλίου	29	13:55	2022-04-29 13:55:00
43	"ΚΙΝΑΛ: ""Τα κόμματα να υιοθετήσουν την πρότασή μας για πλαφόν στη λιανική τιμή ρεύματος"""	29 Απριλίου 2022 13:32	https://www.news247.gr/politiki/kinal-ta-kommata-na-yiothetisoyn-tin-protasi-mas-gia-plafon-sti-lianiki-timi-reymatos.9613510.html	"Τη στήριξη της πρότασής του από τα κόμματα, για το πλαφόν στην τιμή του ρεύματος στη λιανική, ζητά το Κίνημα Αλλαγής. Επίθεση κατά ΝΔ και ΣΥΡΙΖΑ για ""εξυπηρέτηση συμφερόντων των ηλεκτροπαραγωγών""."	ΚΙΝΗΜΑ ΑΛΛΑΓΗΣ	2022	Απριλίου	29	13:32	2022-04-29 13:32:00
44	Ρήτρα Αναπροσαρμογής: Τι είναι, πώς υπολογίζεται - Παραδείγματα από τους παρόχους	29 Απριλίου 2022 12:51	https://www.news247.gr/oikonomia/ritra-anaprosarmogis-ti-einai-pos-ypologizetai-paradeigmata-apo-toys-parochoys.9613408.html	Ρήτρα αναπροσαρμογής είναι ένας όρος στα συμβόλαια των παρόχων ηλεκτρικής ενέργειας που δίνει το δικαίωμα στις εταιρείες αυτές να αλλάζουν το κόστος πώλησης της κιλοβατώρας. Τα παραδείγματα, οι αντιδράσεις και οι διευκρινήσεις της ΡΑΕ.	ΔΕΗ	2022	Απριλίου	29	12:51	2022-04-29 12:51:00
45	Βασίλη Οικονόμου πες μια συγγνώμη, τζάμπα είναι	29 Απριλίου 2022 11:15	https://www.news247.gr/politiki/vasili-oikonomoy-pes-mia-syggnomi-tzampa-einai.9613238.html	"Συνέχεια του πολιτικού αμοραλισμού από τον βουλευτή της ΝΔ, ο οποίος είδε το κόμμα στο οποίο ανήκει να τον καλύπτει. Κάνει λόγο για ""μονταζιέρες"". Σε αντίθετη γραμμή ο Στέλιος Πέτσας."	ΒΑΣΙΛΗΣ ΟΙΚΟΝΟΜΟΥ	2022	Απριλίου	29	11:15	2022-04-29 11:15:00
46	Πέτσας: Η κυβέρνηση θα ανακοινώσει μέτρα για την ενεργειακή ακρίβεια	29 Απριλίου 2022 11:12	https://www.news247.gr/politiki/petsas-i-kyvernisi-tha-anakoinosei-metra-gia-tin-energeiaki-akriveia.9613301.html	"Για ""γενναία παρέμβαση"" της κυβέρνησης με νέα μέτρα κατά της ενεργειακής ακρίβειας, μίλησε ο Στέλιος Πέτσας. Τι είπε για τις διακοπές ρεύματος. Πώς σχολίασε τις δηλώσεις του Βασίλη Οικονόμου."	ΣΤΕΛΙΟΣ ΠΕΤΣΑΣ	2022	Απριλίου	29	11:12	2022-04-29 11:12:00
47	ΡΑΕ: Καλεί σε ακρόαση τους προμηθευτές ρεύματος για περιπτώσεις αδιαφάνειας στις συμβάσεις	29 Απριλίου 2022 06:28	https://www.news247.gr/energia/se-akroasi-kalei-i-rae-toys-promitheytes-reymatos-gia-periptoseis-adiafaneias-stis-symvaseis.9613047.html	Σε ανακοίνωσή της η Ρυθμιστική Αρχή Ενέργειας ενημερώνει ότι η ρήτρα αναπροσαρμογής εφαρμόζεται από το 2013 και ότι από τις 8 Απριλίου καλεί εταιρείες προμήθειας για να ελέγξει εάν οι συμβάσεις τους είναι σαφείς.	ΗΛΕΚΤΡΙΚΗ ΕΝΕΡΓΕΙΑ	2022	Απριλίου	29	06:28	2022-04-29 06:28:00
48	Στη ΡΑΕ σήμερα ο Αλέξης Τσίπρας για τα υπερκέρδη και την ακρίβεια	29 Απριλίου 2022 06:17	https://www.news247.gr/politiki/sti-rae-simera-o-alexis-tsipras-gia-ta-yperkerdi-kai-tin-akriveia.9612780.html	Την επόμενη εβδομάδα κατατίθεται στην Βουλή η τροπολογία του ΣΥΡΙΖΑ για την ρήτρα αναπροσαρμογής.	ΑΛΕΞΗΣ ΤΣΙΠΡΑΣ	2022	Απριλίου	29	06:17	2022-04-29 06:17:00
49	"Το ηλεκτρικό ρεύμα δεν είναι ""προϊόν"": Είναι δικαίωμα"	29 Απριλίου 2022 06:09	https://www.news247.gr/gnomes/gerasimos-livitsanos/to-ilektriko-reyma-den-einai-proion-einai-dikaioma.9612656.html	Στην πολιτική συζήτηση για την ενεργειακή ακρίβεια μάλλον πρέπει να επανέλθουν τα… αυτονόητα.	ΒΑΣΙΛΗΣ ΟΙΚΟΝΟΜΟΥ	2022	Απριλίου	29	06:09	2022-04-29 06:09:00
50	"ΣΥΡΙΖΑ για ΔΕΗ: Λαϊκισμός είναι το ""δεν είμαστε στην εποχή του τζάμπα"""	28 Απριλίου 2022 21:01	https://www.news247.gr/politiki/syriza-gia-dei-laikismos-einai-to-den-eimaste-stin-epochi-toy-tzampa.9612784.html	"Απάντηση στο υπουργείο Ενέργειας και Περιβάλλοντος εξέδωσε ο ΣΥΡΙΖΑ-ΠΣ, επισημαίνοντας πως η ρήτρα αναπροσαρμογής ""έχει την υπογραφή Μητσοτάκη"" και εφαρμόστηκε από τη ΔΕΗ τον Αύγουστο του 2021."	ΣΥ.ΡΙΖ.Α.	2022	Απριλίου	28	21:01	2022-04-28 21:01:00
51	"Οικονόμου: ""Ο Τσίπρας επιδιώκει να ξαναβυθίσει τη χώρα στην άβυσσο, όπως και το 2015"""	28 Απριλίου 2022 18:34	https://www.news247.gr/politiki/oikonomoy-o-tsipras-epidiokei-na-xanavythisei-ti-chora-stin-avysso-opos-kai-to-2015.9612665.html	"Κριτική κατά του Αλέξη Τσίπρα, με αφορμή τον χαρακτηρισμό της ρήτρας αναπροσαρμογής ως ""παράνομη"" και την τροπολογία που αναμένεται να καταθέσει ο ΣΥΡΙΖΑ, άσκησε ο Γιάννης Οικονόμου."	ΓΙΑΝΝΗΣ ΟΙΚΟΝΟΜΟΥ	2022	Απριλίου	28	18:34	2022-04-28 18:34:00
52	"ΣΥΡΙΖΑ: Αφού ""ο τζάμπας πέθανε"" ο κ. Μητσοτάκης να βάλει λουκέτο στη ΝΔ"	28 Απριλίου 2022 18:16	https://www.news247.gr/politiki/syriza-afoy-o-tzampas-pethane-o-k-mitsotakis-na-valei-loyketo-sti-nd.9612637.html	"Την απαράδεκτη δήλωση του Βασίλη Οικονόμου για τους ""Έλληνες που έχουν μάθει στο τζάμπα"", σχολιάζει με ανακοίνωσή του ο ΣΥΡΙΖΑ. ""Ο μόνος που έχει μάθει στο τζάμπα και ζει παρασιτικά από το Δημόσιο είναι ο κ. Μητσοτάκης"", αναφέρει."	ΣΥ.ΡΙΖ.Α.	2022	Απριλίου	28	18:16	2022-04-28 18:16:00
53	Σκρέκας: Έχουμε εξετάσει ακόμα και τα πιο δυσμενή σενάρια για την επάρκεια εφοδιασμού της χώρας	28 Απριλίου 2022 15:49	https://www.news247.gr/politiki/skrekas-echoyme-exetasei-akoma-kai-ta-pio-dysmeni-senaria-gia-tin-eparkeia-efodiasmoy-tis-choras.9612428.html	Καθησυχαστικός φάνηκε ο υπουργός Περιβάλλοντος και Ενέργειας, Κώστας Σκρέκας, μιλώντας για την διασφάλιση της επάρκειας ρεύματος και φυσικού αερίου για την χώρα.	ΚΩΝΣΤΑΝΤΙΝΟΣ ΣΚΡΕΚΑΣ	2022	Απριλίου	28	15:49	2022-04-28 15:49:00
54	"Βασίλης Οικονόμου: Το Πόθεν Έσχες του βουλευτή που μας είπε ότι ""το τζάμπα πέθανε"""	28 Απριλίου 2022 15:20	https://www.news247.gr/politiki/vasilis-oikonomoy-to-pothen-esches-toy-voyleyti-poy-mas-eipe-oti-to-tzampa-pethane.9612335.html	Ο Βασίλης Οικονόμου των 18 ακινήτων και των 259.000 ευρώ σε οφειλές, αισθάνεται πως μπορεί να κουνάει το δάχτυλο στον πολίτη που αδυνατεί να πληρώσει το ρεύμα του. Και όλα αυτά, με κυβερνητική κάλυψη.	ΒΑΣΙΛΗΣ ΟΙΚΟΝΟΜΟΥ	2022	Απριλίου	28	15:20	2022-04-28 15:20:00
55	Οικονόμου: Σε ευρώ πληρώναμε, σε ευρώ θα πληρώνουμε τη Ρωσία - Μέσα στον Μάιο νέα μέτρα για το ρεύμα	28 Απριλίου 2022 14:30	https://www.news247.gr/politiki/oikonomoy-se-eyro-plironame-se-eyro-tha-plironoyme-ti-rosia-mesa-sto-maio-nea-metra-gia-to-reyma.9612354.html	Η κυβέρνηση ετοιμάζει το νέο πακέτο μέτρων, αλλά δεν ακολουθεί το παράδειγμα Ισπανίας και Πορτογαλίας. Η Ελλάδα θα συνεχίσει να πληρώνει σε ευρώ τη Ρωσία για το φυσικό αέριο.	ΚΥΒΕΡΝΗΣΗ	2022	Απριλίου	28	14:30	2022-04-28 14:30:00
56	Τσίπρας: Τροπολογία ΣΥΡΙΖΑ για μη πληρωμή της ρήτρας αναπροσαρμογής	28 Απριλίου 2022 13:45	https://www.news247.gr/politiki/tropologia-syriza-gia-mi-pliromi-tis-ritras-anaprosarmogis.9612233.html	Ο πρόεδρος του ΣΥΡΙΖΑ τόνισε πως η ρήτρα αναπροσαρμογής είναι παράλογη και παράνομη καθώς και πως νομοταγείς πολίτες που δεν άφησαν τόσα χρόνια απλήρωτο λογαριασμό, έχουν πλέον υπερβεί τα όριά τους.	ΣΥ.ΡΙΖ.Α.	2022	Απριλίου	28	13:45	2022-04-28 13:45:00
57	ΣΥΡΙΖΑ: Θεσμική απάντηση στην κυβερνητική απραξία για τους φουσκωμένους λογαριασμούς	28 Απριλίου 2022 06:08	https://www.news247.gr/politiki/syriza-thesmiki-apantisi-stin-kyvernitiki-apraxia-gia-toys-foyskomenoys-logariasmoys.9611703.html	Συνάντηση σήμερα, του Αλέξη Τσίπρα με τον πρόεδρο των Δικηγορικών Συλλόγων, Δημήτρη Βερβεσσό, ενόψει της προσφυγής τους ενάντια στην ρήτρα αναπροσαρμογής. 	ΑΚΡΙΒΕΙΑ	2022	Απριλίου	28	06:08	2022-04-28 06:08:00
58	Ηλιόπουλος: Οι πολίτες πληρώνουν τη ρήτρα Μητσοτάκη και την έπαυλη Στάσση	27 Απριλίου 2022 14:49	https://www.news247.gr/politiki/iliopoylos-oi-polites-plironoyn-ti-ritra-mitsotaki-kai-tin-epayli-stassi.9611071.html	"Επίθεση στην κυβέρνηση εξαπολύει ο εκπρόσωπος Τύπου του ΣΥΡΙΖΑ για τις διακοπές ρεύματος σε πολίτες ""που αδυνατούν να πληρώσουν τη ληστρική ρήτρα αναπροσαρμογής""."	ΔΕΗ	2022	Απριλίου	27	14:49	2022-04-27 14:49:00
59	"Ενεργειακά ""καυτός"" Μάιος με τέσσερις σταθμούς - Το φλερτ Μητσοτάκη με τις ΗΠΑ"	26 Απριλίου 2022 06:12	https://www.news247.gr/politiki/energeiaka-kaytos-maios-me-tesseris-stathmoys-to-flert-mitsotaki-me-tis-ipa.9609170.html	Ευρωπαϊκές λύσεις στην ενεργειακή κρίση, αλλά και στενότερη συνεργασία με ΗΠΑ στο φυσικό αέριο επιδιώκει ο Κ.Μητσοτάκης.	ΑΚΡΙΒΕΙΑ	2022	Απριλίου	26	06:12	2022-04-26 06:12:00
60	Golden boys στις βίλες με τα φώτα αναμμένα	26 Απριλίου 2022 06:05	https://www.news247.gr/gnomes/manos-xwrianopoylos/golden-boys-stis-viles-me-ta-fota-anammena.9609286.html	Μπορεί τα υπερστελέχη με την πολυετή εμπειρία να είναι απασχολημένα με τις επενδύσεις τους, αλλά μήπως να σπαταλούσαν λίγο χρόνο για να μας εξηγήσουν πώς ο μέσος πολίτης θα πληρώσει έναν λογαριασμό ρεύματος που ισούται με 4 μισθούς;	ΔΕΗ	2022	Απριλίου	26	06:05	2022-04-26 06:05:00
61	Μια ανασκόπηση όσων διαδραματίστηκαν την εβδομάδα που πέρασε στη Βουλή	24 Απριλίου 2022 07:31	https://www.news247.gr/politiki/mia-anaskopisi-oson-diadramatistikan-tin-evdomada-poy-perase-sti-voyli.9606856.html	Ποια καίρια ζητήματα έθιξαν τα κόμματα αυτή την εβδομάδα; Τι βρέθηκε στο επίκεντρο του πολιτικού ενδιαφέροντός τους;	ΒΟΥΛΗ	2022	Απριλίου	24	07:31	2022-04-24 07:31:00
62	"Έρευνα 20/20: ""Δυσκολεύομαι να πληρώσω"" λένε 8 στους 10 Έλληνες "	21 Απριλίου 2022 09:51	https://www.news247.gr/20-20/ereyna-20-20-dyskoleyomai-na-pliroso-lene-8-stoys-10-ellines.9603803.html	Η ακρίβεια το μεγαλύτερο πρόβλημα της χώρας για τους Έλληνες, όπως δείχνει η νέα έρευνα της aboutpeople για το 20/20 του NEWS 24/7. Επτά στους 10 δεν γνώριζαν τι είναι η Ρήτρα Αναπροσαρμογής στο ρεύμα.	ΑΚΡΙΒΕΙΑ	2022	Απριλίου	21	09:51	2022-04-21 09:51:00
63	"Σε πολιτική ""ανάσταση"" μέσω κατώτατου μισθού ελπίζει η ΝΔ "	21 Απριλίου 2022 06:07	https://www.news247.gr/politiki/se-politiki-anastasi-meso-katotatoy-misthoy-elpizei-i-nd.9604533.html	Η επίσπευση των ανακοινώσεων για τον κατώτατο μισθό από τον Κ. Μητσοτάκη έχει ως στόχο και να διευκολύνει τους βουλευτές της ΝΔ να κάνουν Πάσχα στις περιφέρειες τους, εν μέσω ακρίβειας.	ΑΚΡΙΒΕΙΑ	2022	Απριλίου	21	06:07	2022-04-21 06:07:00
64	"Βαρουφάκης: ""Τα 50 ευρώ να τα δώσει ο πρωθυπουργός στην παρέα του"""	20 Απριλίου 2022 20:56	https://www.news247.gr/politiki/varoyfakis-ta-50-eyro-na-ta-dosei-o-prothypoyrgos-stin-parea-toy.9604621.html	"Σκληρή κριτική στις ανακοινώσεις του Κυριάκου Μητσοτάκη για την αύξηση του κατώτατου μισθού, άσκησε το ΜέΡΑ25. ""Τα 50 ευρώ να τα δώσει ο πρωθυπουργός στην παρέα του"", έγραψε ο Γιάνης Βαρουφάκης."	ΓΙΑΝΗΣ ΒΑΡΟΥΦΑΚΗΣ	2022	Απριλίου	20	20:56	2022-04-20 20:56:00
65	Σταϊκούρας - Καύσιμα: Παράταση στην πλατφόρμα για να μπουν όσοι ιδιοκτήτες TAXI το αμέλησαν	20 Απριλίου 2022 12:42	https://www.news247.gr/oikonomia/staikoyras-kaysima-paratasi-stin-platforma-gia-na-mpoyn-osoi-idioktites-taxi-to-amelisan.9603741.html	Σημαντικά μειωμένος θα είναι ο νέος ΕΝΦΙΑ σύμφωνα με τον υπουργό Οικονομικών, Χρήστο Σταϊκούρα ενώ, όπως επεσήμανε, θα επεκταθεί ο μειωμένος ΦΠΑ σε εστίαση και μεταφορές.	ΧΡΗΣΤΟΣ ΣΤΑΪΚΟΥΡΑΣ	2022	Απριλίου	20	12:42	2022-04-20 12:42:00
66	Ο λογαριασμός θα πάει στο τέλος στον Μητσοτάκη	20 Απριλίου 2022 06:10	https://www.news247.gr/gnomes/giannhs-almpanhs/o-logariasmos-tha-paei-sto-telos-ston-mitsotaki.9603295.html	"Ο Γιάννης Αλμπάνης γράφει για τους απίστευτα ""φουσκωμένους"" λογαριασμούς ηλεκτρικού ρεύματος, την αποτυχία της αγοράς και τις ευθύνες. "	ΗΛΕΚΤΡΙΚΗ ΕΝΕΡΓΕΙΑ	2022	Απριλίου	20	06:10	2022-04-20 06:10:00
